{
  "logistic_auc": 0.9799306204840588,
  "random_forest_auc": 0.9931570931860054
}